num_vars,instance,ReX,ShapleyValues,KernelShap,Saliency,DeepLift,lrp,InputXGrad,IntegratedGrad
3,0,0.024847743329219418,0.13327120393764968,0.350682136920261,0.15473278184923797,0.10909429358945481,0.6037642378108664,0.6037642358640849,0.10646830605410962
3,1,0.02881686707078638,0.14763122612702756,0.351243902034071,0.1379544075089905,0.11623197246843273,0.6075629027360931,0.607562900596354,0.11291998106713748
3,2,0.0,0.11253947178538808,0.36293135925560266,0.11962429169117872,0.057619845137044934,0.22479197672531848,0.2247919763823395,0.06113923290776329
3,3,0.0,0.17675301569150378,0.36182692641362685,0.19493965027915017,0.1246702372166443,0.6599473237645654,0.6599473252138865,0.11739093258503905
3,4,0.0,0.1309579341701686,0.33615685228599806,0.09700021693963051,0.07005188294966176,0.6205725067443616,0.620572508456425,0.06494997779454596
