num_vars,instance,ReX,ShapleyValues,KernelShap,Saliency,DeepLift,lrp,InputXGrad,IntegratedGrad
3,0,0.0,0.15363998318085575,0.35353524309108,0.12163499771277672,0.09527865281151254,0.08142985226848971,0.08142985296545115,0.09759347486058538
3,1,0.056576017072832406,0.20120226236654812,0.3473822774450921,0.1390338127649616,0.07107283138558608,0.4419094430631683,0.44190944694339374,0.06650746938872114
3,2,0.0,0.11255139447520847,0.33806692759566137,0.08398790702681375,0.05466030487842742,0.5259028823074829,0.5259028826405292,0.05521601163257053
3,3,0.05121325129541433,0.20369926097205113,0.32881690140103736,0.12454949524543923,0.08801389212289566,0.42516189083245776,0.42516188909200925,0.08444432769076997
