num_vars,instance,ReX,ShapleyValues,KernelShap,Saliency,DeepLift,lrp,InputXGrad,IntegratedGrad
3,0,0.0,0.06845549195393542,0.35952917783947125,0.09872686631878716,0.09460965255231447,0.02540855212173961,0.025408555084497176,0.08617794165052259
